{
    "Setup times": [
        1.5919349193572998,
        0.2662999629974365,
        0.9553472995758057,
        0.4348430633544922,
        2.544224977493286,
        0.9231481552124023,
        2.3204259872436523,
        1.6222870349884033,
        1.422558307647705,
        1.616023063659668
    ],
    "Signing times": [
        0.028863906860351562,
        0.028434038162231445,
        0.028681039810180664,
        0.02911686897277832,
        0.03034806251525879,
        0.028992891311645508,
        0.029362916946411133,
        0.029227018356323242,
        0.029179096221923828,
        0.028490304946899414
    ],
    "Verification times": [
        0.0010590553283691406,
        0.0007691383361816406,
        0.0007190704345703125,
        0.0007300376892089844,
        0.0007460117340087891,
        0.0006780624389648438,
        0.0007178783416748047,
        0.0006968975067138672,
        0.0007269382476806641,
        0.0006811618804931641
    ],
    "Signature sizes": [
        256,
        256,
        256,
        256,
        256,
        256,
        256,
        256,
        256,
        256
    ],
    "Key sizes": [
        1.638671875,
        1.638671875,
        1.634765625,
        1.634765625,
        1.634765625,
        1.638671875,
        1.634765625,
        1.638671875,
        1.638671875,
        1.638671875
    ]
}