{
    "Setup times": [
        0.10123801231384277,
        1.4312570095062256,
        0.4921250343322754,
        1.6495139598846436,
        0.4412970542907715,
        0.4425241947174072,
        0.3720388412475586,
        1.286501169204712,
        0.4774799346923828,
        1.2392997741699219
    ],
    "Signing times": [
        0.0329747200012207,
        0.03296303749084473,
        0.03307795524597168,
        0.03284192085266113,
        0.032968997955322266,
        0.0325472354888916,
        0.03261208534240723,
        0.03335118293762207,
        0.03281283378601074,
        0.03341388702392578
    ],
    "Verification times": [
        0.004333019256591797,
        0.004457235336303711,
        0.0042951107025146484,
        0.004406929016113281,
        0.004399776458740234,
        0.004511117935180664,
        0.00450587272644043,
        0.004517078399658203,
        0.004443168640136719,
        0.004479169845581055
    ],
    "Signature sizes": [
        256,
        256,
        256,
        256,
        256,
        256,
        256,
        256,
        256,
        256
    ],
    "Key sizes": [
        1.638671875,
        1.634765625,
        1.638671875,
        1.634765625,
        1.638671875,
        1.638671875,
        1.634765625,
        1.638671875,
        1.634765625,
        1.634765625
    ]
}