{
    "Setup times": [
        0.2971823215484619,
        0.8345420360565186,
        2.725473165512085,
        0.377363920211792,
        1.7228398323059082,
        0.5047791004180908,
        0.5017280578613281,
        0.4893300533294678,
        2.1691648960113525,
        0.352358341217041
    ],
    "Signing times": [
        0.03255295753479004,
        0.03008890151977539,
        0.029011011123657227,
        0.02932286262512207,
        0.028594970703125,
        0.029338836669921875,
        0.0290219783782959,
        0.029126882553100586,
        0.02935194969177246,
        0.028386831283569336
    ],
    "Verification times": [
        0.0010640621185302734,
        0.0007979869842529297,
        0.0008041858673095703,
        0.0007700920104980469,
        0.0008058547973632812,
        0.0008008480072021484,
        0.0007941722869873047,
        0.0007839202880859375,
        0.0008177757263183594,
        0.0007550716400146484
    ],
    "Signature sizes": [
        256,
        256,
        256,
        256,
        256,
        256,
        256,
        256,
        256,
        256
    ],
    "Key sizes": [
        1.638671875,
        1.634765625,
        1.634765625,
        1.634765625,
        1.634765625,
        1.638671875,
        1.634765625,
        1.634765625,
        1.638671875,
        1.634765625
    ]
}