{
    "Setup times": [
        1.2449660301208496,
        1.1782329082489014,
        0.11945605278015137,
        0.9917089939117432,
        0.6552231311798096,
        1.0975208282470703,
        0.7243590354919434,
        0.8694021701812744,
        2.277479887008667,
        0.898068904876709
    ],
    "Signing times": [
        0.02959609031677246,
        0.029202938079833984,
        0.029458999633789062,
        0.028926849365234375,
        0.028358936309814453,
        0.029794931411743164,
        0.030170917510986328,
        0.030436992645263672,
        0.028594255447387695,
        0.029519319534301758
    ],
    "Verification times": [
        0.0006921291351318359,
        0.0006990432739257812,
        0.002048969268798828,
        0.0006878376007080078,
        0.0006949901580810547,
        0.000701904296875,
        0.0007548332214355469,
        0.00074005126953125,
        0.0006890296936035156,
        0.0006868839263916016
    ],
    "Signature sizes": [
        256,
        256,
        256,
        256,
        256,
        256,
        256,
        256,
        256,
        256
    ],
    "Key sizes": [
        1.638671875,
        1.634765625,
        1.634765625,
        1.638671875,
        1.634765625,
        1.638671875,
        1.638671875,
        1.638671875,
        1.634765625,
        1.638671875
    ]
}